{"phenylalanine": {"UUU": 56.772334293784525, "UUC": 43.2276657059273}, "serine": {"UCU": 11.220472440922794, "UCC": 10.826771653521995, "UCA": 15.354330708631188, "UCG": 15.748031496031988, "AGU": 14.173228346428793, "AGC": 32.67716535426638}, "tyrosine": {"UAU": 53.50318471320541, "UAC": 46.49681528647612}, "cysteine": {"UGU": 42.44604316516226, "UGC": 57.55395683411832}, "leucine": {"UUA": 14.945919370683432, "UUG": 11.701081612574532, "CUU": 11.701081612574532, "CUC": 10.324483775801058, "CUA": 5.211406096356724, "CUG": 46.116027531911385}, "ochre": {"UAA": 99.99999999444444}, "umber": {"UGA": 99.99999998999999}, "amber": {"UAG": 0.0}, "tryptophan": {"UGG": 99.99999999906542}, "proline": {"CCU": 17.46361746358116, "CCC": 13.305613305585645, "CCA": 13.721413721385195, "CCG": 55.50935550924011}, "histidine": {"CAU": 92.00732153746675, "CAC": 7.992678462472244}, "arginine": {"CGU": 13.396825396816892, "CGC": 16.507936507926026, "CGA": 2.730158730156997, "CGG": 2.6031746031729504, "AGA": 0.8888888888883246, "AGG": 63.87301587297532}, "glutamine": {"CAA": 30.402010050174873, "CAG": 69.59798994957389}, "isoleucine": {"AUU": 58.20610687011792, "AUC": 34.732824427414634, "AUA": 7.061068702276602}, "threonine": {"ACU": 16.427104722758877, "ACC": 46.8172484598628, "ACA": 13.141683778207103, "ACG": 23.613963038965885}, "asparagine": {"AAU": 47.30021598261922, "AAC": 52.699784017164795}, "lysine": {"AAA": 73.28918322279627, "AAG": 26.710816776982977}, "methionine": {"AUG": 99.99999999959678}, "valine": {"GUU": 25.30120481923901, "GUC": 17.620481927684306, "GUA": 17.319277108407654, "GUG": 39.75903614451844}, "alanine": {"GCU": 10.50049067712414, "GCC": 31.010794896927372, "GCA": 20.706575073581252, "GCG": 37.782139352269105}, "aspartic acid": {"GAU": 64.89726027386148, "GAC": 35.10273972596729}, "glycine": {"GGU": 29.37931034478707, "GGC": 46.06896551717784, "GGA": 12.689655172396291, "GGG": 11.862068965500882}, "glutamic acid": {"GAA": 70.37037037025705, "GAG": 29.62962962958191}}